AA_H,CDR3_H,AA_L,CDR3_L
LSDKAVGWVRQAPGKALEWLGGIDRDGGTDPGLKSRLSITKDNSKSQVSLTLSSVTTEDSATYYCTSLQHSGYGYGYGYGNIEAWGRGLRVTVSSASTTAPKVYPLSSCCGDKSSSTVTLGCLVS,TSLQHSGYGYGYGYGNIEA,SSQLTQPPSVSGSLGQTVTISCVGSSNNIGILGVSWYQQIPGAAPRTLIHNSDKRPSGVPDRFSGTKSGNTGTLTIASLQAEDEADYYCASADLSLTSPAVFGSGTTLTVLG,ASADLSLTSPAV
SDKAVGWVRQAPGKALEWLGSIDTGGNTGYNPGLKSRLSITKDNSKSQVSLSVSSVTTEDSATYYCTTVHQQTNRKSSCPDGYIQGHSCGWRVGCDDHGCCGRGDCRGGGVGGCTCPTYIYTYEFYVDAWGQGLLVTVSS,TTVHQQTNRKSSCPDGYIQGHSCGWRVGCDDHGCCGRGDCRGGGVGGCTCPTYIYTYEFYVDA,QPGLTQPSSVSGSLGQRVSITCSGSSSNVGLGNYVSWFQQIPGSAPRTLIYGATSRASGVPDRFSGSRSGNTATLTISSLQAEDEADYFCASPDSSSRSAVFGSGTTLTVLG,ASPDSSSRSAV
LSDKAVGWVRQAPGKALEWLGSIDTSGSTGYNSGLKSRLSITKDNSKSQVSLSVNSVTTEDSATYYCTTVHQNSRRTGSLSDWTWTYEFYVDAWGQGLLVTVSS,TTVHQNSRRTGSLSDWTWTYEFYVDA,QAVLTQPSSVSGSLGQRVSITCSGSSSNIGLYGVGWYQQVPGSDLRTIIYDSSSRPSGVPDRFSGSKSGNTATLTISSLQAEDEADYFCAAGDSSNWAGVFGSGTTLTVLG,AAGDSSNWAGV
SDKAVGWVRQAPGKALEWLGSIDTGGSTGYNLGLKSRLSITKDNSKSQVALSVSSVTTEDSARYYCTTVYQKTRKNCPDGVRYDESCSSDYACSPLSCRRTGGNTFGGCCSTRVIYTYEFYVDAWGQGFQVTVSS,TTVYQKTRKNCPDGVRYDESCSSDYACSPLSCRRTGGNTFGGCCSTRVIYTYEFYVDA,QAVLTQPSSVSGSLGQRVSITCSGSSNNIGRYEVGWYQQVPGSGLRTIIYGSNSRPSGVPDRFSGSKSGNTATLTISSLQAEDEADYFCGTSDYSSKPAISGSGTTLTVLG,GTSDYSSKPAI
QVQLRESGPSLVKPSQTLSLTCTTSGFSLTSYSVNWVRQAPGKALEWLGGIDTKGNTGYNPGLKPRLSITRDNSKSQVSLSVSSVTPEDTAVYYCAKCSYGGSGVGVYGCYGRNVYYDSLYVDAWGQGLLVTVSS,AKCSYGGSGVGVYGCYGRNVYYDSLYVDA,QGVLTQPSSVSGSLGQRVSITCSGSSNNIGRYDWGWYQQLPGSGLRTIIYGSSSRPSGVPDRFSGSKSGNTATLTISSLQAEDEADYFCATTDYSSNTAVFGSGTTLTVLG,ATTDYSSNTAV
SDKAVGWVRQAPGKALEWVGGLDNDGYTHYNPALKSRLSITKDNSKSQISLSVSSVTSEDTATYYCTKCSRGYGGVGCAGFEYGYGHYVDAWGQGLLVTVSS,TKCSRGYGGVGCAGFEYGYGHYVDA,QAVLTQPSSVSGSLGQRVSITCSGSTNNIARYGVGWYQQLPGSGLRTIIYHRGSRPSGVPDRFSGSNSYNTATLTISSLQAEDEADYFCATGDYSSSTLVFGSGTTLTVLG,ATGDYSSSTLV
SDKAVGWVRQAPGKALEWLGGIDTGGNTGYNPGLKSRLSITKDKSKGQVSLSVNSVTIEDSATYYCTTVHCRIGPRVYGGYECYADVYRFPYGYIHTWGQGLLVTVSS,TTVHCRIGPRVYGGYECYADVYRFPYGYIHT,QAVLTQPSSVSGSLGQRVSITCSGSSDNIGKYGVGWYQQVPGSGLKTIIYGSTSRPSGVPDRFSGSKSSITATLTISSLQAEDEADYFCATADDSKSTVVFGSGTTLTVLG,ATADDSKSTVV
QVQLRESGPSLVKPSQTLSLTCTVSGYSLSSTYVRWVRQAPGKALEWVGDIDDDGETHYNPTLKSRLRITKDTSRSQVSLSVSSMTTEDTATYYCVNNFACGQGLLVIVSS,VNNFA,QDVLTQPSSVSGSLGQRVSITCSGSSSNVGTGNYVSWFQQIPGSAPRTLIYGATSRASGVPDRFSGSRSGNTATLTISSLQAEDEADYFCASYQSGNTAVFGSGTTLTVLG,ASYQSGNTAV
QVQLRESGPSLVKPSQTLSLTCTVSGFSLNSYAITWVRQAPGKALEWIGGIASGGSPYYNSALKSRLRITKDDSKSLVSLSVSSVTPEDTATYYCARDYSGYGFGFGSLRNDAWGQGLLVIVSS,ARDYSGYGFGFGSLRNDA,QAGLTQPSSVSGSLGQSVSITCSGSSSNVGNGYVSWYQMTPGSAPRTLIYGDTSRASGVPDRFSGSRSGNTATLTISSLQAEDEADYFCASAEDSSSNAVFGSGTTMTVLG,ASAEDSSSNAV
QVQLRESGPSLVKPSQTLSLTCTVSGFSLSSYAVIWVRQAPEKALECLGGIDSDGVTGYNPALKSRLSITKDNSKSQVSLSVSSVTPEDTATYYCATFDSDTIYRDGCGYTYDNYVDAWGQGLLVTVSS,ATFDSDTIYRDGCGYTYDNYVDA,QAVLTQPSSVSGSLGQRVSITCSGSSNNIGSASVGWYQQVPGSGLRTIIYGSSSRPSGVPDRFSGSKSGNTATLTINSLQAEDEADYFCAAGDRSSSAVFGSGTTLTVLG,AAGDRSSSAV
QVQLRESGPSLVKPSQTLSLTCTTSGFSLSSYAVGWVRQAPGKALEWVGSISGRGSTCPNPAVKSRLGITKDNSKSQVSLTLSSVRTEDTATYYCARFDSDSATDYDCLYYGYDGGNVDAWGQGLLVTVSS,ARFDSDSATDYDCLYYGYDGGNVDA,QDVLTQPSSVSGSLGQRVSITCSGSSNNIGGYGVGWYQQVPGSGLRTIIYNSNTRPLGVPDRFSGSRSGNTATLTISSLQAEDEADYFCGTGDYGSRTAVFGSGTILTVLG,GTGDYGSRTAV
QVQLRESGPSLVKPSQTLSLTCTVSGFSLSSYTIGWVRQAPGKALEWVGGIDDDGSTYYNPGLKSRLSITRDTSKSQVSLSVSSVTTEDTATYYCTKCYWDFGSCGGDGIRCACGYGYDAWGQGLLVTVSS,TKCYWDFGSCGGDGIRCACGYGYDA,QAVLTQPSSVSGSLGQRVSITCSGSSSNIGRWGVGWYQQVPGSGLRTIIYGSSSRPSGIPDRFSGSKSGNTATLTISSLQAEDEADYFCAAGDGSSGRGLFGSGTTLTVLG,AAGDGSSGRGL
SDKAVGWVRQAPGKALEWLGGIDTGGNTGYNPGLKSRLSITKDKSKGQVSLSVNSVTIEDSATYYCTTVHCRIGPRVYGGYECYADVYRFPYGYIHTWGQGLLVTVSS,TTVHCRIGPRVYGGYECYADVYRFPYGYIHT,QDVLTQPSSVSGSLGQRVSITCSGSSSNIGSYNVGWYQQVPGSGLRTIIYSSSSRPSGVPDRFSGSKSDNTATLTISSLQAEDEADYFCVAYDSKSKTAVFGSGTTLTVLG,VAYDSKSKTAV
QVQLRESGPSLVKPSQTLSLTCTVSGFSLSNYFINWVRQAPGKALECLGGISGNGGTYYNPALKSRLSITKDNSKSQISLSMNSVTPEDTATYYCAKYSCSSSGCLGVGSDCRYGGQHVDAWGQGLLVTVSS,AKYSCSSSGCLGVGSDCRYGGQHVDA,QDVLTQPSSVSGSLGQRVSITCSGSSNNIGTYGVGWYQQVPGSGLRTIIYGSSSRPSGVPDRFSGSKSGNTATLTISSLQAEDEADYFCAAGDSSSSTAIFGSGTTLTVLG,AAGDSSSSTAI
QVQLRESGPSLVKPSQTLSLTCTTSGFSLMSYAVGWVRQAPGKALEWLGEIYRDGDTYYNPTLKSRLGITKDNSESQFSLSVSSVTPEDTATYYCTKCYWDFGSCGGDGIRCACGYAYDAWGQGLLVTVSS,TKCYWDFGSCGGDGIRCACGYAYDA,QPVLTQPSSVSGSLGQRVSITCSGSSSNIGRYSVGWYQQVPGSGLRTIIYAGSSRPSGVPDRFSGSKSGNTATLTISSLQAEDEADYFCATGDAGSSTPVFGSGTTLTVLG,ATGDAGSSTPV
QVQLRESGPSLVKPSQTLSLTCTISGFSLSSYAVPWFRQAPGKALECLGGISDSGTTGYNPALKSRLSIATDNSKSQVSLSMSSVTMEDTATYYCAEFASWAEYRDGCGYVYDTKAEAWGQGRLVTVSS,AEFASWAEYRDGCGYVYDTKAEA,QAVLTQPSSVSGSLGQRVSITCSGSSRNIGSYSVGWYQQVPGSGLRTIIYGSNSRPSGVPDRFSGSKSGNTATLTISSLQAEDEADYFCVAWDSSSTLFVFGSGTTLTVLG,VAWDSSSTLFV
QVQLRESGPSLVKPSQTLSLTCTTSGLSLSRYAVGWVRQAPGKALEWVGYIRFRGSTCLNPALKSRLGITKDNSKSQVSLSVSSVTTEDTATYYCAKVVGGGDWIDVRYCYRSGTDVDAWGQGLLVTVSS,AKVVGGGDWIDVRYCYRSGTDVDA,QAVLTQPSSVSGSLGQRVSITCSGSSNNFGRYGVGWYQQVPGSGLRTIIYNRGSRPSGVPDRFSGSNSYNTATLTISSLQAGDEAEYFCATGDYHGKTVVFGSGTTLTVLG,ATGDYHGKTVV
QVQLRESGPSLVKPSQTLSLTCTVSGFSLSDTDVHWFRQAPGKALDWLGVSYSGGSTNYNAAQKSRLSITRDNSKSQVSLSLSSVTTEDTATYYCARWSGDAWGQGLLVTVSS,ARWSGDA,QAVLTQPSSVSGSLGQRVSITCSGSSSNIGEYSVLWYQQVPGSGLRTIIYGCTGRPSGVPDRFSGSKSGNTATLTINSLQAEDEADYFCVAYDSSNSIAVFGSGTTLTVLG,VAYDSSNSIAV
SDKAVGWVRQAPGKALEWLGSVDTGGSTGYNPGLKSRLSITKDNSKSQVSLSVSSVTIEDSATYYCATVHQKTKNNCRPGWSCGDRNFGYVCICTYELYVDAWGQGLLVTVSS,ATVHQKTKNNCRPGWSCGDRNFGYVCICTYELYVDA,QAVLTQPSSVSGSLGQRVSITCSGSSKNIGIYNVGWYQQVPASGLRTIIYRSDSRPSGVPDRFSGSKSGNTATLTISSLQAEDEADYFCVAWDSSVSTVFGSGTTLTVLG,VAWDSSVSTV
QVQLRESGPSLVKPSQTLSLTCTISGFSLSSYAVGWVRQAPGKALEWVGDISYSGGTCLNPALKSRLSITKDNSKSQVSLSVSSVTTEDTATYYCAKANYRGNYYSGYGCDAYGFDSAYVDAWGQGLLVTVSS,AKANYRGNYYSGYGCDAYGFDSAYVDA,QGVLTQPSSVSGSLGQTVSITCSGSSNNIGSYAVGWYQQVPGSGLRTIIWGSSGRPSGVPDRFSGSKSGNTATLTIRSLQAEDEADYFCAAGDSSGSTIFGSGTTLTVLG,AAGDSSGSTI
SDKAVGWVRQAPGKALEWLGSVDTGGSTGYNPGLKSRLSITKDNSKNQVSLSVSSVTTEDSATYYCTTVRLRTCWEGTGGYCSNNYAYKNLIEYYVDAWGQGLLVTVSS,TTVRLRTCWEGTGGYCSNNYAYKNLIEYYVDA,QAVLTQPSSVSGSLGQRVSITCSGSSSNVGYGNYVSWFQQIPGSAPRMLIYGAASRASGVPDRFSGSRSGNTATLTITSLQAEDEADYFCASAEDSSSNAVFGSGTTLTVLG,ASAEDSSSNAV
SDKAVGWVRQAPGKALEWLGSIDTGGNTGYNPGLKSRLSITKDNSKSQVSLSVSSVTTEDSATYYCATVYQKTRSCPDSSPESCGCDCDDGCTGLDAYACRRCGPGSWGGDRYCTYTYTYEFYVDTWGQGLLVTVSS,ATVYQKTRSCPDSSPESCGCDCDDGCTGLDAYACRRCGPGSWGGDRYCTYTYTYEFYVDT,QAVLTQPSSVSGSLGQRVSITCSGSSSNVGLGNYVSWFQQIPGSAPRTLIYGATTRVSGVPDRFSGSRSGNTATLTISSLQAEDEADYFCAAPDSSTNTAFGSGTTLSVLG,AAPDSSTNTA
SDKAVGWVRQAPGKALEWLGGIDTSGSIGYNPGLKSRLSITKDNSKSQVSLSVSSVTTEDSATYYCTALYEICAWIYDVGDSCTYRGVDAWGQGLLVTVSS,TALYEICAWIYDVGDSCTYRGVDA,QAVLTQPSSVSGSLGQRVSITCSTNTNNIARYGVGWYQQVPGSGLRTIIYGRGSRPSGVPDRFSGSNSYNTATLTISSLQAEDEADYFCATGDYSSRTVVFGSGTTLTVLG,ATGDYSSRTVV
QVQLRESGPSLVKPSQTLSVTCTTSGFSLSSYAVGWVRQAPGKALEWVGVIDNDGDTCYNPALKSRLSIAKDNSKSQVSLSVSSVTTEDTATYYCAKYYRSSSWDCGYVNYDTWGQGLLVTVSS,AKYYRSSSWDCGYVNYDT,QAPLTQPSSVSGSLGQRVSITCSGSSNNIGSYGVGWYQQVPGSGLRSIIYNSSNRPSGVPDRFSGSKSGNTATLIISSLQAEDEADYFCAASDSSSKTAVFGSGTTLTVLG,AASDSSSKTAV
LSDKAVGWVRQAPGKALEWLGSIDTGGSTGYNPGLKSRLSVTKDNSKSQVSLSVSSVTTEDSATYYCATVWQHTEQTRSCPEGYSAGSGCAEDRCCRRGNCFCLGAVRGGGGSQYSSYSNSFTYKFYVDAWGQGLLVTVSS,ATVWQHTEQTRSCPEGYSAGSGCAEDRCCRRGNCFCLGAVRGGGGSQYSSYSNSFTYKFYVDA,QAVLTQPSSVSGSLGQRVSITCSGSSSNIGTYNVGWYQQVPGSGLRTIIYGSISRPSGVPDRFSGSKSGNTATLTISSLQAEDEADYFCVAYDSSSSTIFGSGTTLTVLG,VAYDSSSSTI
QVQLRESGPSLVKPSQTLSLTCTISGFSLSSCAVVWVRQAPGKALECLGGISDDGSTGYNPALKSRLSITKDNSKSQVSLSVSSVTTEDTATYYCARVCYRDDWIYSDGCGYLYDSYVDASGQGLLVTVSS,ARVCYRDDWIYSDGCGYLYDSYVDA,QGVLTQPSSVSGSLGQRVSITCSGSSNNIGTYGVGWYQQVPGSGLRTIIYGDGGRPSGVPDRFSGSKSGNTATLTISSLQAEDEADYFCAAGDKTSSTFVFGSGTTLTVLG,AAGDKTSSTFV
QVQLRESGPSLVKPSQTLSLTCTVSGFSLSSYAVGWVRQAPGKALECLGGVGGGGTTGYNPALKSRLSITKDNSKSQVSLSVSSVTPEDTATYYCAKSRTSGAAWYDGCGYDVHPWGQGLLVSVSS,AKSRTSGAAWYDGCGYDVHP,QDMLTQPSSVSGSLGQRVSITCSGSSNNIGSYGVGWYQQVPGSGLRTIIYGSSSRPSGVPDRFSGSKSGNTATLTISSLQAEDEADYFCAAGDSSSSTAVFGSGTTLTVLG,AAGDSSSSTAV
SDKAVGWVRQAPGKALEWLGSIDTGGNTGYNPGLKSRLSITKDNSKSQVSLSVSSVTTEDSATYHCTTVHQQTRKACPDDYTDDHRCISGPWCAGYDCYPAASSACSRSRCSSYISKYDFYVDAWGQGLLVTVSS,TTVHQQTRKACPDDYTDDHRCISGPWCAGYDCYPAASSACSRSRCSSYISKYDFYVDA,DVVLTQNPLSLSVIPGETVSISCKSTQSLKYSDGKTYLRWLQHKPGQSPQILIYQVSNRNTGVPDRFTGSGSETDFTLTISSVQAEDAGVYYCSQRSYVPYTFGQGSKVEIKR,SQRSYVPYT
QVQLRESGPSLVKPSQTLSLTCTISGFSLSSYAIGWVRQAPGKALECLGGIISSGDTSYNPALESRLSISKDNSKSQVSLSVSSVTTEDTATYYCARWTYTGPNNYWACNYGGNNAYVDAWGQGLLVTVSS,ARWTYTGPNNYWACNYGGNNAYVDA,QDMLTQPSSVSGSLGQRVSITCSGSSNNIGTYGVGWYQQVPGSGLRTIIYGSSNRPSRVPDRFSGSKSGNTATLTISSLQAEDEADYFCAAEDSSSSTAVFGSGTTLTVLG,AAEDSSSSTAV
QVQLRESGPSLVKPSQTLSLTCTVSGFSLSSYSVSWVRRAPGKALECLGTINSGGSARYNPALTSRLSITKDNSKSQVSLSLSSVTPEDTATYYCAKNFAGHDNGYACGVASGQDVDAWGQGLLVTVSS,AKNFAGHDNGYACGVASGQDVDA,QAVLTQPSSVSGSLGQRVSITCSGSSSNVGLGNYVSWFQQIPGSAPRTLIYGATSRASGVPDRFSGSRSGNTATLTISSLQAEDEADYFCESPDSSSSSLFGGGTRVTVLG,ESPDSSSSSL
SDKAVGWVRQAPGKALEWLGSIDTGGNTGYNPGLKSRLSITKNNSKSQVSMSVSSVTTEDSATYYCGTVHQKTTRKTKNNCPDGCIVGYYDYCYSDNWGGVGSPCGYTYEWFLDAWGQGFVVTVSS,GTVHQKTTRKTKNNCPDGCIVGYYDYCYSDNWGGVGSPCGYTYEWFLDA,QAMLTQPSSVSGSLGQRVSITCSGSSSNIGRYSVGWYQQVPGSGLRTIIYASSSRPSGVPDRFSGSKSGNTATLIISSLQAEDEADYFCAAGDSSSSTAVFGSGTTLTVLG,AAGDSSSSTAV
QVQLRESGPSLVKPSQTLSLTCTVSGFSLSSYVVGWVRQAPGKALECLGDISSSGNTGYNPALKSRLSITKDNSKSQVSLSVSSVTTEDTATYYCAKLGSGGRYDSGGDGCFSIDYSEDFYHVDAWGQGLLVTVSS,AKLGSGGRYDSGGDGCFSIDYSEDFYHVDA,QAVLTQPSSVSGSLGQRVSITCSGSSDNIGRYGVGWYQQVPGSGLRSIIYGTSSRPSGVPDRFSGSKSGNTATLTITSLQSEDEADYFCGTGDYESNTVVFGVGTTLTVLG,GTGDYESNTVV
QVQLRESGPSLVKPSQTLSLTCTISGFSLSRDSVGWVRQAPGKALECLGGISAGGTTGYNPALKSRLSITKDNSKSQVSLSVSSVTTEDTATYYCAKFTSGDRWSCSNAAYFDAWGQGLLVTVSS,AKFTSGDRWSCSNAAYFDA,QAVLTQPSSVSGSLGQRVSITCSGSSNNIGSYTVGWYQQVPGSGLRTVIYGTTSRPSGVPDRFSGSKSGNTATLTISSLQAEDEADYFCVVYDMSRSTSVFGSGTTLTVLG,VVYDMSRSTSV
LSDKAVGWVRQAPGKALEWLGSIDTGGTTGYNPGLKSRLSITKDNSKSQVSLSVNSVTTEDSATYYCAAVYQETRQKSSCPNGYNNARSCGWGGVCSAGDCCCCGGSGDCYYGSCTPCIYTNTYDFYVDIWGQGLLVTV,AAVYQETRQKSSCPNGYNNARSCGWGGVCSAGDCCCCGGSGDCYYGSCTPCIYTNTYDFYVDI,QALLTQPSSVSGSLGQRVSITCSGSSSNVGYGNYVSWFQQIPGSAPRMLIYGATSRASGVPDRFSGSRSGNTATLTISSLQAEDETDYFCASPNSSGSGIFGSGTTLTVLG,ASPNSSGSGI
QVQLRESGPSLVKPSQTLSLTCTTSGFSLNSYAISWVRQAPGKALEWVGTISSGGSTCLNPALKSRLSITKDNSKSQVSLLVSSVTLEDTATYYCAKYSCSSSGCLGVGSDCRYGGQHVDAWGQGLLVTVSS,AKYSCSSSGCLGVGSDCRYGGQHVDA,QDMLTQPSSVSGSLGQRVSITCSGSSSNIGTYNVGWYQQVPGSGLKTVIYSSGTRPSGVPDRFSGSKSGNTATLTISSLQAEDEADYFCAAYDSSISTIFGSGTTLTVLG,AAYDSSISTI
QVQLRESGPSLVKPSQTLSLTCTTSGFSLSDFAVGWVRQAPGKGLEWVGDIGSGGSTYLNPALKSRLSITKDNSKSQVSLSLSSVTPEDTATYYCASCVGDYSYDYPCGVEYVDTWGQGLLVTVSS,ASCVGDYSYDYPCGVEYVDT,QDVLTQPSSVSGSLGQRVSITCSGSSSNIGSYNVGWYQQVPGSGLRTIIYGSSIRPSGVPDRFSGSKSGNTATLTISSLQAEDEADYFCVAFDNSRSSTAFGSGTTLTVLG,VAFDNSRSSTA
QVQLRESGPSLVKPSQTLSLTCAISEFSLSSYAVAWIRQAPGKALECLGSVNSDGTVGYNPAPKSRLIITKDNSKSQVSLSVSSVTTEDTATYYCARINNGGYRNGGTDCYIRGTNYYIAAWGQGLLVTVSS,ARINNGGYRNGGTDCYIRGTNYYIAA,QAVLTQPSSVSGSLGQRVSITCSGSSSNIGTYAVGWYQQVPGSGLRTIIYGSNSRPSGVPDRLSGSKSGNTATLTISSLQAEDEADYFCVTYDTSSSTVFGSGTTLTVLG,VTYDTSSSTV
SDKAVGWVRRAPGKALEWLGSIDTGGSAGYNPGLKSRLSITKDNSKSQVSLSMSSVTTEDSATYYCTTVHQKTKLASCPDGWTYRYGLCCRGTYCPTTATYTYEFYIDAWGQGLLVTVSS,TTVHQKTKLASCPDGWTYRYGLCCRGTYCPTTATYTYEFYIDA,SSQLTQPSSVSGSLGQRVSITCSGSSSNVGMGNYVGWYQQIPGSAPRTLIYYATTRVSGVPDRFSGSRSGNTATLTISSLQAEDEADYFCASPDSSSSSAVFGSGTTLTVLG,ASPDSSSSSAV
SDKAVGWVRQAPGKALEWLGSVDTGGSTGYNPGLKSRLSITKDNSKSQVSLSVSSVTTEDSATYYCTTVHQQTLKKGGPYYDSNTDRMAWRDTYTYEGYVDTWGPGLLVTVSS,TTVHQQTLKKGGPYYDSNTDRMAWRDTYTYEGYVDT,QAGLTQPSSVSGSLGQRVSITCSGSSSNIGGYNVGWYQQVPGSGLRSIIYDTSSRPSGVPDRFSGSKSGNTATLTISSLQAEDEADYFCVSYDISSGSVFGSGTTLTVLG,VSYDISSGSV
QVQLRESGPSLAKPSQTLSLTCTISGFSLSNYVVGWVRQAPGKALECLGDISTGGSTGYNPALKSRLSITKDNSKSQVSLSVSSVTADDTATYYCAKLGSGGRYDGGGDGCFSIDYSEDFYYVDAWGQGLLVTVSS,AKLGSGGRYDGGGDGCFSIDYSEDFYYVDA,QAVLTQPSSVSGSLGQRVSITCSGSSNNIGGHSVGWYQQVPGSGLRTIIYGSSSRPSGVPDRFSGSKSGNTATLTISSLQAEDEADYFCATNDYSSSAVFGSGTTLTVLG,ATNDYSSSAV
LSDKAVGWVRQAPGKALEWLGSIDTGESTGYNPGLKSRLSITKDNSKSQVSLSVSSVTTEDSATYYCTTVHQHTEKSCRDGYSRGGTSSLCRGCSCYNCFRYYRCADGSNDCCLSDTLTYTYEFCVDAWGQGLLVTVSS,TTVHQHTEKSCRDGYSRGGTSSLCRGCSCYNCFRYYRCADGSNDCCLSDTLTYTYEFCVDA,QGVLTQPSSVSGSLGQRVSITCSGSSNNIGSYGVGWYQQVPGSGLRIIIYGSSRRPSGVPDRFSGSKSGNTATLTISSLQTEDEADYFCAAGDSSSNTAVFGSGTTLTVLG,AAGDSSSNTAV
SDKAVGWVRQAPGKALEWLGSIDTGGSTGYNPGLKSRLSITKDNSKSQVSLSVSSVTTEDSATYYCTSVHQQTKKICPDGCSDGWGCGTGCGCSGNGCECYGSVLWRGGSGACYKNSYTYEWYVDAWGQGLLVTVSS,TSVHQQTKKICPDGCSDGWGCGTGCGCSGNGCECYGSVLWRGGSGACYKNSYTYEWYVDA,QGVLTQPSSVSGSLGQRVSITCSGSSSNVGTGNYVNWFQQIPGSAPRTLIYAATNRASGVPDRFSGSRSGNTATLTISSLQAEDEADYFCATYQSDDTGVFGSGTTLTVLG,ATYQSDDTGV
QVQLRESGPSLVKPSQTLSLTCTISGFSLSSYVVGWVRQAPGKALECLGDISSGGSTGYNPALKSRLTITKDNSKSQISLSVSSVTTEDTATYYCAKLGSGGRYDSGGDGCFSIDYSEDFYYVDAWGQGLLVTVSS,AKLGSGGRYDSGGDGCFSIDYSEDFYYVDA,QAVLTQPSSVSGSLGQRVSITCSGSSSNIGSYNVGWYQQVPGSGLRTIIYRSTSRPSGVPDRFSGSKSGNTATLTISSLQTEDEADYFCVAYDISSSTVFGSGTTLTVLG,VAYDISSSTV
QVQLRESGPSLVKPSQTLSLTCTVSGFSLSSYAVGWVRQAPGKALEWVGGIEIDGDTYYNPALKSRLSITRDTSKSQVSLSVSSVTTEDTATYYCAKDRYTGYCYFSCSSYGKEIIGSSVDAWGQGLLVTVSS,AKDRYTGYCYFSCSSYGKEIIGSSVDA,QAVLTQPSSVSGSLGQRVSITCSGSSNNVGTGNHVSWFQQIPGSAPRTLIYGATSRASGVPDRFSGSRSGNTATLTISSLQGEDEADYFCASWQADGTSVIGSGTTLTVLG,ASWQADGTSV
SDKAVGWVRQAPGKALEWLGSIDTAGNTGYNPDLKSRLSITKDNSKNQVSLSVSSVTNEDSATYYCATVHQSTKKKCADGYIWRNDCSNCCRYSSCSLLSCGADGLYGGGSTDSVTYTYENHVDDWGPGLLVTVSS,ATVHQSTKKKCADGYIWRNDCSNCCRYSSCSLLSCGADGLYGGGSTDSVTYTYENHVDD,QAVLTQPSSVSGSLGQRVSITCSGSSSNIGTYDVGWYQQVPGSGLRTIIYDSRNRPSGVPDRFSGSKSGNTATLTISSLQAEDEADYFCAAGDSSSSTAFFGSGTTLTVLG,AAGDSSSSTAF
LSDKAVGWVRQAPGKALEWLGGIDIAGSTGYSPGLKSRLSITRDNSKNQVSLSVSSVTTEDSATYYCTTVQQNSGYRDEYSCGFCSVDTWGQGLLVTVSS,TTVQQNSGYRDEYSCGFCSVDT,QAVLTQPSSVSGSLGQRVSITCSGSTNNINRYGVDWYQQVPGSGLRTIIYGRGSRPSGVPDRFSGSKSGNTATLTISSLQAEDEADYFCATGDYSSSTLVFGSGTTLTVLG,ATGDYSSSTLV
QVQLRESGPSLVKPSQTLSLTCTTSGFSLSSYAVGWVRQAPGKALDWVGGIDGDGESCYKPALKSRLSITKDNSKSQVSLSMSSVTTEDTATYYCAKYSCSSSGCLGVGSDCRYGGQHVDAWGQGLLVTVSS,AKYSCSSSGCLGVGSDCRYGGQHVDA,QGVLTQPSSVSGSLSQRVSITCSGSTNNIARYGVAWYQQVPGSGLRTIIYPRGSRPSGVPDRFSGSQSYNTATLTISSLQAEDEADYVCATGDYSTDTVVFGSGTTLTVLG,ATGDYSTDTVV
LSDKAVGWVRQAPGKALEWLGSIDTSGNTGYNPGLKSRLSITKDNSKSQVSLSVSSVTTEDSATYHCCTVHQITNKKTSCPNGYSYVYRCAWGVGCSPCDYYCYDGGSSGGYGRCVSYSYSYSYEFHVDAWGQGLLVTVSS,CTVHQITNKKTSCPNGYSYVYRCAWGVGCSPCDYYCYDGGSSGGYGRCVSYSYSYSYEFHVDA,QAGLTQPSSVSGSLGQRVSITCSGSSSNVGNGYVSWYQLIPGSAPRTLIYGDTSRASGVPDRFSGSRSGNTATLTISSLQAEDEADYFCASAEDSSSHAVFGSGTTLTVLG,ASAEDSSSHAV
QVQLRESGPSLVKPSQTLSLTCTVSGFSLNDYAVEWVRQAPGKALEWLGIINGGGDRYYNPALKSRLSITKDNSKSEVSLSVNSVTPEDRATYYCAKVVDDAYIYTSKIDVWGQGLLVTVSS,AKVVDDAYIYTSKIDV,SSQLTQPSSVSGSLGQTVSITCSGSSNNIGNYAVAWYQQVPGSGLRTIIYGSSGRPSGVPDRFSGSKSGNTATLTISSLQAEDEADYFCAAGDSSSSTVFGSGTTLTVLG,AAGDSSSSTV
QVQLRESGPSLVKPSQTLSLTCTVSGFSLSSYAVGWVRQAPGKALEWVGGISGNGRICLNPALKSRLGITKDNSKSQVSLSVSSVTTEDTATYYCVKDRDYNYGSWGCYSRNYGTYYGFEVDAWGQGLLVAVSS,VKDRDYNYGSWGCYSRNYGTYYGFEVDA,QAMLTQPSSVSGSLGQRVSITCSGSSTNIGLYGVGWYQQVPGSGLRTIIYGSSSRPSGVPDRFSGSKSGNTATLTINSLQAEDEADYFCATGDNISSSTVFGSGTTLTVLG,ATGDNISSSTV
QVQLRESGPSLVKPSQTLSLTCTVSGFSLLNYAVTWVRQAPGKALECLSSISTSGNTYFNPALKSRLSITRDTSKSQVSLSVSSVTTEDTATYYCARVIMVMLMVVVLVMLIPKKNAWDQGLLVIVSS,ARVIMVMLMVVVLVMLIPKKNA,SSQLTQPSSVSGSLGQRVSITCSGSTNNIGRYGMGWYQQVPGSGLRTIIYHRGSRPSGVPDRFSGSNSDNTATLTISSLQAEDEADYFCATGDYSSRTVVFGSGTTLTVLG,ATGDYSSRTVV
QVQLRESGPSLVKPSQTLSLTCTISGFSLRSYAVDWVRQAPGTALECLGTISGDGITAYNPALKSRLTITKDNSKSQVSLSVSSVTTEDTATYYCAKASVSYYADRFGCFAVDAWGQGFSVTVSS,AKASVSYYADRFGCFAVDA,QGVLTQPSSVSGSLGQRVSITCSGSANNIARYGVHWYQQVPGSGLRTIIYSRGSRPSGVPDRFSGSQSYNTATLTISSLRAEDEADYVCATGDYSSSTLVFGSGTTLTVLG,ATGDYSSSTLV
QVQLRESGPSLVKPSQTLSLTCTISGFSLSSYVVGWVRQAPGKALECLGDISTGGSTGYNPALKSRLSITKDNSKSQFSLSVSSVTTEDTATYYCAKLGSGGRYDSGGDGCFAIDYSEDFYHVDAWGQGLLVTVSS,AKLGSGGRYDSGGDGCFAIDYSEDFYHVDA,QALLTQPSSVSGSLGQRVSITCSGSSNNIGSASVGWYQQVPGSGLRTIIYGSSSRPSGVPDRFSGSKSGNTATLTISSLQAEDEADYFCAAGDRSSSAVFGSGTTLTVLG,AAGDRSSSAV
QVQLRESGPSLVKPSQTLYLTCTTSGFSLSSYAVGWVRQAPGKALEWVGGISGNGRICLNPALKSRLGITKDNSKSQVSLSVSSVTPEDTATYYCAKGAKGSGIACGYGLGAGNDYVDAWGQGLLVTVSS,AKGAKGSGIACGYGLGAGNDYVDA,QALLTQPSSVSGSLGQRVSITCSGSTNSIGRYGVGWYQQVPGSGLRTIIYGRGSRPSGVPDRFSGSNSYNTATLTISSLQAEDEADYFCATGDYSSKTVVFGSGTTLTFLG,ATGDYSSKTVV
SDKAVGWVRQAPGKALEWLGSIDTGGSTGYNPGLKSRLSITKDNSKSQVSLSVSSVTAEDSATYYCSAVHQKTRKSCPDDYRDVGGIHNCIKSGIWSASYIYTYEFFVDAWGQGLLVTVSS,SAVHQKTRKSCPDDYRDVGGIHNCIKSGIWSASYIYTYEFFVDA,QAVLTQPSSVSGSLGQRVSITCSGSSSNVGTGNYVSWFQQIPGSAPRTLIYVATSRASGVPDRFSGSRSGNTATLTISSLQAEDEADYFCASYQSGNAIFGSGTILTVLG,ASYQSGNAI
QVQLRESGPSLVKPSQTLSLTCTTSGFSLSSYAVGWVRQAPGKAPEWVGGIGVSGITCLNPALKSRLGITKDNSKNQVSLSVSSVTTEDTATYYCAKDYYGNHGGACGAAYTYHLWGQGLLVTVSS,AKDYYGNHGGACGAAYTYHL,QGVLTQPSSVSGSLGQRVSITCSGSSNNIGRFGVGWYQQVPGSGLRTIIYGSSSRPSGVPDRFSGSKSGNTATLTISSLQAEDEADYLCATGDYSSSTAVFGSGTTLTILG,ATGDYSSSTAV
LSDKAVGWVRQAPGKALEWLGSIDTGGSTGYNPGLKSRLSITKDNSKSQVSLSVSSVTTEDSATYYCTTVHQKTKKSCPNGYIVRDTCPYTCGCPTWNCWGRGRDYCDGSVSLTYNYEFYVEIWGQGLLVTVSS,TTVHQKTKKSCPNGYIVRDTCPYTCGCPTWNCWGRGRDYCDGSVSLTYNYEFYVEI,QAGLTQPSSVSGSLGQRVSITCSGSSSNVGTGNFVSWLQQIPGSAPRTLIYGATNRASGVPDRFSGSRSGNTATLTISSLQAEDEADYFCASYQSDYTAVFGSGTTLTVLG,ASYQSDYTAV
QVQLRESGPSLVKPSQTLSLTCTVSGFSLSSYAVEWVRQAPGKALAWLGIINAGGDGYYNSALKSRLSITKDNSKSEVSLSVNSVTPEDTATYYCAKVVDDAYIYTSKSEVWGQGLLVTVSS,AKVVDDAYIYTSKSEV,QAILTQPSSVSGSLGQRVSITCSGSSSNIGSYNVGWYQQVPGSGLRTIIYSSSSRPSGVPDRFSGFKYGNTATLTISSLQAEDEAEYFCAAYDSSSSVVFGSGTTLTVLS,AAYDSSSSVV
QVQLRESGPSLVKPSQTLSLTCTTSGGSLSNYAVGWVRQAPGKALEWVGGLRDDGSPCLNPALKSRLGITKDNSKSQVSLSLNSVTTEDTATDYCAKFYGNWHSGCFWPDDFDGDAWGQGRLVTVSA,AKFYGNWHSGCFWPDDFDGDA,QGVLTQPSSVSGSLGQRVSITRSGSSSNFGSYNVGWYQQVPGSGLRTIIYASSSRPSGVPDRLSGSKSGNTATLTISSLLAEDEADYFCVAWDSSSSAVVFGGGTTLTVLG,VAWDSSSSAVV
LSDKAVGWVRQAPGKALEWLGSIDTGGSTGYNPGLKSRLSITKDNSKSQVSLSVSSVTTEDSATYYCTSVHQKTTRKMSCPDGYRVQYGCPYSSCLTYGFSGAEGCCFGGRGNCVSATYTETYEHHVDAWGQGLLVTVSS,TSVHQKTTRKMSCPDGYRVQYGCPYSSCLTYGFSGAEGCCFGGRGNCVSATYTETYEHHVDA,QAVLTQPSSVSGSLGQRVSITCSGSINNILRYGVGWYQQVPGSGLRTIIYHSSSRPSGVPDRFAGSKSGNTATLTISSLQAEDEADYFCATGDYSSKTVVFGSGTTLTVLG,ATGDYSSKTVV
QVPLRESGPSLVQPSQTLSLTCTTSGFSLSSYSVGWVRQAPGKALEWVGGISGNGRICLNPALKSRLGITKDNSKSQVSLSVRSVTTEDTATYYCVKDRDYNYGSGGCYSRNYGTYYGFEVDTWGQGLLVTVSS,VKDRDYNYGSGGCYSRNYGTYYGFEVDT,QAVLTQPSSVSGSLGQRVSITCSGSSSNIGSYNVGWYQQVPGSGLRTIIYRSTSRPSGVPDRFSGSKSGNTATLTISSLQTEDEADYFCVAYDISSSTVFGSGTTLTVLG,VAYDISSSTV
SDKAVGWVRQAPGKALEWLGSIDTGGNTGYNPGLKSRLSITKDNSKSQVSLSVSSVTTEDSATYYCATVYQKSRKGCPGGSNSGIGCSLIYSCSVFDCCSYGGDGGYSCSSPTYTYELHVETWGQGLLVTVSS,ATVYQKSRKGCPGGSNSGIGCSLIYSCSVFDCCSYGGDGGYSCSSPTYTYELHVET,QAGLTQPSSVSGSLGQRVSITCSGSTNNIARYGVGWYQQVPGSGLRTIIYPRGRRPSGVPDRFSGSNSYNTATLTISSLQAEDEADYVCATGDYSSSTVVFGSGTTLTVLG,ATGDYSSSTVV
QVQLRESGPSLVKPSQTLSLTCTISGFSLSNYAVGWVRQAPGKALEWVGGIDNDGDTCYNPALKSRLSITKDNSKSQVSLSVNSVTAEDTATYYCAKMGYGHGNDGCYGVNWSYAYVEAWGQGLLVTVSS,AKMGYGHGNDGCYGVNWSYAYVEA,QAVLAQPSSVSGSLGQRVSITCSGSSSNIGSYYVGWYQQVPGSGLTTIIYEDNNRPSGVPDRFSGSKSGNTATLTISSLQAEDEADYFCVAFDSSSMSTIFGSGTTLTVLG,VAFDSSSMSTI
QVQLRESGPSLVKPSQTLSLTCTTSGFSLSSSAVGWVRQAPGKALEWIGGISGNGRICLNTALKGRLGITKDNSKSQVSLSVSSVTTEDTATYYCVKDRDYNFGTWGCYSRNYGTYYGFEVDAWGQGLLVTVSS,VKDRDYNFGTWGCYSRNYGTYYGFEVDA,QAILTQPSSVSGSLGQSVSITCSGSSSNVGNGYVSWYQMTPGSAPRILIYGDTSRASGVPDRFSGSRSGNTATLTISSLQAEDEADYFCASAEDSSSNAVFGSGTTLTVLG,ASAEDSSSNAV
SDKAVGWVRQAPGKALEWLGSIDTGGSTGYNPGLKSRLSITKDNSKSQVSLSVSSVTTEDSATYYCTTVHQLTKRTECPNYCTYRCSCGDSYGCSNCGCYTGAVRYGGYGTCSGSSYTYAYEFHVDVWGEGLLVTVSS,TTVHQLTKRTECPNYCTYRCSCGDSYGCSNCGCYTGAVRYGGYGTCSGSSYTYAYEFHVDV,QDMLTQPSSVSGSLGQRVSITCSGSSNNIGRYSVGWYQQVPGSGLRTIIYGSISRPSGVPDRFSGSKSGNTATLTISSLQAEDEADYFCVAYDTSSSAAVFGSGTTLTVLG,VAYDTSSSAAV
QVQLRESGPSLVKPSQTLSLTCTVSGFSLSSYTIGWVRQAPGKALEWVGGIDDDGTTYYNPGLKSRLSITRDTSKSQVSLSVSSVTTEDTATYYCTKCYWDFGGCGGDGIRCACGYGYDAWGQGLLVTVSS,TKCYWDFGGCGGDGIRCACGYGYDA,QGVLTQPSSVSGSLGQRVSITCSGSSNNIGSNEVGWYQQVPGSGLRTIIYGSSSRPSGVPDRFSGSKSGNTATLTIRSLQAEDEADYFCAAGDSSSSTVVFGSGTTLTVLG,AAGDSSSSTVV
SDKAVGWVRQAPGKALEWLGSIDTGGSTGYNPGLNSRLSITKDNSKSQVSLSVSTVTTEDSATYYCTTVIQKTEHCPAAYKYNCNYDCGCTSSHCSGCSRDRQWGWDDCSWCSWTDSYQFDVDAWGQGLLVTVSS,TTVIQKTEHCPAAYKYNCNYDCGCTSSHCSGCSRDRQWGWDDCSWCSWTDSYQFDVDA,QDVLTQPSSVSGSLGQRVSITCSGSTNNIARYGVGWYQQVPGSGLRTIIYPRGSRPSGVPDRFSGSGSGNTATLTISSLQAEDEADYFCATGDYSSRTVVFGSGTTLTVLG,ATGDYSSRTVV
QVQLRESGPSLVKPSQTLSLTCTISGFSLRNYVVGWVRQAPGKALECLGDISSGGSTGYNPALKSRLSITKDNSKSQVSLSVSSVTTEDTATYYCAKLGSGGRYDSGGDGCFSIDYSEDFYYVDAWGQGLLVTVSS,AKLGSGGRYDSGGDGCFSIDYSEDFYYVDA,QDMLTQPSSVSGSLGQRVSITCSGSSSNIGSKNVGWYQQVPGSGLRTIIYDTMNRPSGVPDRFSGSKSDNTATLTISSLQAEDEADYFCICYDSSVRIAVFGGGTTLTVLG,ICYDSSVRIAV
SDKAVGWVRQAPGKALEWLGSIDTGGSTGYNPGLKSRLSITKDNSKNQVSLSVSSVTTEDSATYYCTTVYQKTRQSCPDGYDYGDGCCIGWDCTTYHCELSRRWGGRDNGGCRSSVYNFTYEFYVDAWGQGLLVTVSS,TTVYQKTRQSCPDGYDYGDGCCIGWDCTTYHCELSRRWGGRDNGGCRSSVYNFTYEFYVDA,QAVLTQPSSVSGSLGQRVSITCSGSSSNIGNYNVGWYQQVPGSGLRTIVYSSSSRPSGVPDRFSGSKSGNTATLTISSLQAEDEADYFCAAYDSSSSTYVFGSGTTLTVLG,AAYDSSSSTYV
SDKAVGWVRQAPGKALEWLGSIDTSGSTGYNAGLKSRLSITKDNSKSQVSLSVSSATTEDSATYYCTAVHQESHKLRSCPAGYSATYGSTVRHWCGDNDCYANTNPGACHTYIETYNYEWYVDAWGRGLLVTVSS,TAVHQESHKLRSCPAGYSATYGSTVRHWCGDNDCYANTNPGACHTYIETYNYEWYVDA,QAVLTQSSSVSGSLGQRVSITCSGSSNNIGSASVGWYQQVPGSGLRTIIYGSSSRPSGVPDRFSGFKFGNTATLTISSLQAEDEADYFCAAGDRSSSAVFGSGTTLTVLG,AAGDRSSSAV
SDKAVGWVRQAPGKALEWLGSIDTSGSTGYNPGLKSRLSITKDNSKNEVSLSVSSVTTEDSATYYCTTVHQHTNKKPCDNGYSFCPACSVRNGCRNNEGCCRGDCPFSVWWSDVCDSIHYTYEFYVDAWGQGLLVTVSS,TTVHQHTNKKPCDNGYSFCPACSVRNGCRNNEGCCRGDCPFSVWWSDVCDSIHYTYEFYVDA,QGVLTQPSSVSGSLGQRVSITCSGSSSNIGTYNVGWYQQVPGSGLRTIIYSSSNRPSGVPDRFSGSKSGNTATLTISSLQAEDEADYFCVAYDSSSSNAVFGSGTTLTVLG,VAYDSSSSNAV
QVPLRESGPSLVKPSQTLSLTCTISGFSLSSCAVVWVRQAPGKALECLGSIGSDGSTGYNPALKSRLSITKDNSKTQVSLSVSSVTTDDTATYYCARVCYRDDWIYTDGCGYLYDSYVDASGQGLLVTVSS,ARVCYRDDWIYTDGCGYLYDSYVDA,QGVLTQPSSVSGSLGQRVSITCSGSSSNVGTGNYVNWFQQIPGSAPRTLIYGAANRASGVPDRFSGSRSGNTATLTISSLQAEDEADYFCASYQSGDTVVFGSGTTLTVLG,ASYQSGDTVV
SDKAVGWVRQAPGKALEWLGSIDTGGSTGYNPGLKSRLSITSDNSKSQVSLSVSSVTTEDSATYYCTTVVQQTKETCPDGLLVTVSSASTTAPKVYPLSSCCGDKSSSTVTLGCLVS,TTVVQQTKET,QDVLTQPSSVSGSLGQRVSITCSTSTNNIGRYGVGWYQQVPGSGLRTIIYHSSSRPSGVPDRFSGSKSDNTATLTISSLQAEDEADYLCATGDYSSRTLVFGSGTTLTVLG,ATGDYSSRTLV
QVQLRESGPSLVKPSQTLSLTCTVSGFSLSDYAVSWIRQAPGKAFECLGDISVSGSTYYNPALKSRLSITKDNSKSQVSLSVSSVTPEDTATYYCAKYTAADISDCVCYGSTGTNGYVDVWGPGLLVTVSS,AKYTAADISDCVCYGSTGTNGYVDV,QAVLTQPSSVSGSLGQRVSITCSGSSSNIGKNGAGWYQQVPGSGLRTIIYGGSSRPSGVPDRFSGVKSGNTATLTISALQAEDEADYFCAAGDSSSTTVFGSGTTLTVLG,AAGDSSSTTV
LSDKAVGWVRQAPGKALEWLGSIDTGGNTGYNPGLKSRLSITKDNSKSQVSLSVSSVTTEDSATYYCTTVHQKTKKSCPDGSDYGYRCHETAGCSAYDCCGEAGNPYWVYSDICSTNTYEFHVDAWGQGLLVTVSS,TTVHQKTKKSCPDGSDYGYRCHETAGCSAYDCCGEAGNPYWVYSDICSTNTYEFHVDA,QAVLTQPSSVSGSLGQRVSITCSGSSSNIGSWPVGWYQQVPGSGLTTIIYSDSRRPSGVPDRFSGSKSGNTATLTISSLQAEDEADYFCVGYNTGSSIDFFGSGTTLTVLG,VGYNTGSSIDF
SDKAVGWVRQAPGKALEWLGSIDTGGSTGYNPGLKSRLSITKDNSKSQVSLSVSSVTTEDSATYYCTTVHQQTHEKRNSCPGNCYWGWGCDWVCACSSSSDHCTYDYEVFVDAWGQGLLITVSS,TTVHQQTHEKRNSCPGNCYWGWGCDWVCACSSSSDHCTYDYEVFVDA,SSQLTQPSSVSGSLGQRVSITCSGSSNNIGKYGVGWYQQVPGSGLRTIIIGSNTRPSGVPDRFSGSKSGNTATLTISSLQTEDEADYFCVAYDISSSTVFGSGTTLTVLG,VAYDISSSTV
LSDKAVGWVRQAPGKALEWLGSVDTGVSTRLNPGLKSRLSITKDNSKSQVSLSVSSVTAEDSATYYCTTVHRGTGGGWYGCWGAVFGSDCYVDAWGQGLLVTVSS,TTVHRGTGGGWYGCWGAVFGSDCYVDA,QAGLTQPSSVSGSLGQRVSITCSGSSSNVGGLGNYVSWFQQIPGSASRTLIYGATSRASGVPDRFSGSRSGNTATLTISSLQAEDEADYFCASPDSSSSSTVFGSGTTLTVLG,ASPDSSSSSTV
LSDKAVGWVRQAPGKALEWLGSVDTGGSTGYNPGLKSRLSITKDNSKSQVSLSMSSVTTEDSATYYCTTAHQKTTETCPDGYTYRYSCGYVSDCSYDCYTADGYRYRSAGGSGSHGYTITYEWYVDTWGQGLLVTISS,TTAHQKTTETCPDGYTYRYSCGYVSDCSYDCYTADGYRYRSAGGSGSHGYTITYEWYVDT,DVVLTQTPLSLSVIPGETVTISCKSTQTLVYANGNTLLRWFQHKPGQSPRLLIYHISNRDTGVPDRFTGSGSETDFTLTISSVQAEDAGVYYCLQSAYTPYTVGQGTKVEIKR,LQSAYTPYT
QVQLRESGPSLVKPSQTLSLTCTVSGFSLSSYTIGWVRQAPGKALEWVGGIDDDGSTYYNPGLKSRLSITKDNSKSQVSLSVSSVTTEDTATYYCVKFDSEAIYRDGCGYTYDNYVDAWGQGLLVTVSS,VKFDSEAIYRDGCGYTYDNYVDA,QAMLTQPSSVSGSLGQRVSITCSGSSSNIGRYGVGWYQQVPGSGLRTIIYGSSSRPSGVPDRFSGSKSGNTATLTISSLQAEDEADYFCAAGDSSSSTAVFGSGTTLTVLG,AAGDSSSSTAV
QVQLRESGPSLMKPSQTLSLTCTVSGFSLSSYAVDWVRQAPGKALEWVGTIDNNENTCYNPALKSRLRITKDNSKSQVSLSMSSVTTEDTATYYCAKSFFSVSCDTYGSSYYVDVWGQGLLVTVSS,AKSFFSVSCDTYGSSYYVDV,QAGLTQPSSVSGSLGQRVSITCSGSSNNIGSYGVGWYQQVPGSGLRTIIYGSSSRPSGVPDRFSGSKSGNTATLTISSLQAEDEADYFCAAGDSSRSTAVFGSGTTLTVLG,AAGDSSRSTAV
SDKAVGWVRQAPGKALEWLGSIDTGGSTGYNPGLKSRLSITKDNSKSQVSLSVSSVTTEDSATYYCTTVHQKTTKSCPDGYSASFCDGRYVCVLGWCGGGFNGSPLDIYEWHVDAWGQGLLVTVSS,TTVHQKTTKSCPDGYSASFCDGRYVCVLGWCGGGFNGSPLDIYEWHVDA,QAVLTQPSSVSGPLGQRVSITCSGSSSNVGLGNYVSWFQQIPGSAPRTLIYDATSRASGVPDRFSGSRSGNTATLTISSLQAEDEADYFCASPDSSSSSTVFGSGTTLTVLG,ASPDSSSSSTV
LSDKAVGWVRQAPGKALEWLGSIDTGGSTGYNPGLKSRLSITKDNSKSQVSLSVSSVTTEDSATYYCATVHQHTEQTHTCRDGYTYSYNCGLVCSCGVSHCCTRGCFGDGDDRSCDSHINSYSYQWYVDAWGQGVLVTVSS,ATVHQHTEQTHTCRDGYTYSYNCGLVCSCGVSHCCTRGCFGDGDDRSCDSHINSYSYQWYVDA,QAVLAQPSSVSGSLGQRVSITCSGSRNNIGTYGVYWYQQVPGSGLRTIIDGSNSRPSGVPDRFSGSKSGNTATLTISSLQAEDEADYFCAAGDSSTTTAVFGSGTTLTVLG,AAGDSSTTTAV
SDKAVGWVRQAPGKALECLGSINDVAVTVYNPALKSRLSITKDNSKSQVSLSVSSVTTEDTATYYCIKSFNSWTDNFCFAPYVETWGQGLLVSVSS,IKSFNSWTDNFCFAPYVET,QAVLTQPSSVSGSLGQRVSITCSGSSENIGNYNVGWHQQVPGSGLRTIIYDTSSRPSGVPDRFSGSKFGNTATLTISSLQAEDEADYFCVTYDDSSNFSIFGTGTTLTVLG,VTYDDSSNFSI
SDKAVGWVRQAPGKALEWLGSIDTGGSTGYNPGLKSRLSITKDNSKSQVSLSVSSVTTEDSATYFCTTVHQLTRNKNSCPPGYTWSCGCGIGYGCSFQICDFDGNYCSRGGTSASTIGSTYTYEWHVDAWGHGLLVTVS,TTVHQLTRNKNSCPPGYTWSCGCGIGYGCSFQICDFDGNYCSRGGTSASTIGSTYTYEWHVDA,QGVLTQPSSVSGSLGQRVSITCSGSSSNIGTYNVGWSQQVPGSGLRTIIYGSSSRPSGVPDRFSGSKSGNTATLTISSLQAEDEADYFCVAYDSSSSTVFGSGTTLTVLG,VAYDSSSSTV
QVQLRESGPSLVKPSQTLSLTCTVSGFSLSSYNVDWVRQAPGKALECLGGIRSDGGTYYNPALKSRLSITKDNSKSQVSLSVSSVTPEDTATYYCVKDYYIHVLGVCDYYVSDDDVNYIDAWGQGLLVTVSS,VKDYYIHVLGVCDYYVSDDDVNYIDA,QGVLTQPSSVSGSLGQRVSITCSGSSNNIGRYGVGWYQQVPGSGLRTLIYGSSNRPSGVPDRFSGSKSGNTATLTISSLQAEDEADYFCAAGDYSNSTAVFGSGTTLTVLG,AAGDYSNSTAV
QVQLRESGPSLVKPSQTLSLTCTTSGFSLSSYAVGWVRQAPGKALEWVGDIDNDGDTCYNSALKSRLSITRENSKSQVSLSISSVTTEDTATYYCAKHYSGWGYGAVGCYANEDDFFTYVDAWGLGLLVTVSS,AKHYSGWGYGAVGCYANEDDFFTYVDA,QGVLTQPSSVSGSLGQRVSITCSGSTNNIARYGVNWYQQVPGSGLRTIIYSRGSRPSGVPDRFSGSKSDKTATLTISSLQAEDEADYFCATGDYSSRTVVFGSGTTLTVLG,ATGDYSSRTVV
SDKAVGWVRQAPGKPLEWLGTVDTGGNTGYKRGLKSRLTITKDNSNNQVSLSVGSVTTEDSATYYCSAVYKIICTGRWGGRYACGVAFEAWGQGLMVSVSS,SAVYKIICTGRWGGRYACGVAFEA,QAVLTQPSSVSGSLGQRVSITCSGSSSNIGLYNVAWYQQVPRSGLRSIIYHSSSRPSGVPDRFSGSKSGNTATLTISSLQAEDEADYFCGAYDSRGSAVFGSGTTVTVLG,GAYDSRGSAV
SDKAVGWVRQAPGKALEWLGSIDTGGSTGYNPGLKSRLSITKDNSKSQVSLSVSSVTTEDSATYYCTTVHQQTRKSCPDGYNNGCGCDVNFRCSTYSCYASTAINYGQCMRGSWRDYVWTYEWYADAWGQGLLVTVSS,TTVHQQTRKSCPDGYNNGCGCDVNFRCSTYSCYASTAINYGQCMRGSWRDYVWTYEWYADA,QAVLTQPSSVSGSLGQRVSITCSGSSNNIGTYSVGWYQQVPGSGLRTIIYGSTSRPSGVPDRFSGSKSGNTATLTISSLQAEDEADYFCAAGDSSGSTGVFGSGTTLTVLG,AAGDSSGSTGV
QVQLRESGPSLVKPSQTLSLTCTVSGFSLSSYTIGWVRQAPGKALEWVGGIDDDGSTYYNPGLKSRLSITRATSKSQVSLSVSGMTPEDTATYYCTKCYWDFGSCGGDGVRCACGYAYEAWGQGLLVTVSS,TKCYWDFGSCGGDGVRCACGYAYEA,QAVLTQPSSVSGSLGQRVSITCSGSSNNIGRYGVGWYQQVPGSGLRTIIYGSSSRPSGVPDRFSGSKSGNTATLTISSLQAEDEADYFCATGDYSSSTAVFGSGTTLTVLG,ATGDYSSSTAV
QVQLRESGPSLVKPSQTLSLTCTTSGFSLSSYAVGWVRQAPGKALEWVGDIDDDGDTCYNSALKSRLSITRENSKSQVSLSISSVTTEDTATYYCAKHYGGWGYGAVGCYANEDDFQTYVDAWGLGLLVTVSS,AKHYGGWGYGAVGCYANEDDFQTYVDA,QAVLTQPSSVSGSLGQRVSITCSGSSNNIGYLNVGWYQQVPGSGLRTIIYGSTSRPSGVPDRFSGSKSGNTATLTISSLQAEDEADYFCAAVDRSSSTGVFGSGTTLTVLG,AAVDRSSSTGV
QVQLRESGPSLVKPSQTLSLTCTVSGFSLSSHGVRWVRQAPGKALESLGDISNSGSTYYNPALKSRLSITKDNSKSQVSLSVNSMTSEDTATYDCAKCSTSGGGGNGCTGAGEYVDAWGQGLLVTVSS,AKCSTSGGGGNGCTGAGEYVDA,QDVLTQPSSVSGSLGQRVSITCSGSSNNIGRYGVGWYQQVPGSGLRTIIYGSSNRPSGVPDRFSGSKSGNTATLTISSLQAEDEADYFCGTGDYDTKTALFGSGTTLTVLG,GTGDYDTKTAL
QVQLRESGPSLVKPSQTLSLTCTISGFSLSSYVVGWVRQAPGKALECLGDISSGGRTGYNPALKSRLSITKDNSKSQVSLSVSSVTTEDTATYYCAQLGSGGRYDSGGDGCFSIDYSEDFYYVDAWGQGLLVTVSS,AQLGSGGRYDSGGDGCFSIDYSEDFYYVDA,QDMLTQPSSVSGSLGQRVSITCSGSSSNVGNGYVSWYQLIPGSAPRTLIYGDTSRASGVPDRFSGSRSGNTATLTIISLQAEDEADYFCASAEDSSSNAVFGSGTTLTVLG,ASAEDSSSNAV
QVQLRESGPSLVKPSQTLSLTCTISGFSLSSYVVGWVRQAPGKALECLGDISSGGNTGYNPALKSRLSITKDNSKSQVSLSVSSVTTEDTATYYCAKLGSGGRYDSGGDGCFSIDYSEDFYYVDAWGQGLLVTVSS,AKLGSGGRYDSGGDGCFSIDYSEDFYYVDA,QDILTQPSSVSGSLGQRVPITCSGSSNNIGSYGVGWYQQVPGSGLRTIIYGSKSRPSGVPDRFSGSKSGNTATLTISSLQAEDEADYFCVAGDSSSSTFVFGSGTTLTVLG,VAGDSSSSTFV
QVQLRESGPSLVKPSQTLSLTCTVSGFSLSSYTIGWVRQAPGKALEWVGGIDDDGSTYYNPGLKSRLSITRDTSKSQVSLSVSSVTTEDTATYYCTKCYWDFGSCGGEGIRCACGYGYDAWGQGLLVTVSS,TKCYWDFGSCGGEGIRCACGYGYDA,QDVLTQPPAVSVSLGQTASITCQGDDLELLSAHWYQQKPGQAPVLVIYADDNLASGIPDRFSGSKSDTTATLTIRGAQAEDEADYYCQSADNAVFGSGTTLIVLG,QSADNAV
QVQLRESGPSLVKPSQTLSLTCTVSGFSLSSYAVGWVRQAPGKALEWVGSIDNDGDTYYNPSLKSRLSITRDTSKSRFSLSVSSVTTEDTATYYCARGLSYYDAGDDGCYGDGYAVGCVDAWGQGLLVTVSS,ARGLSYYDAGDDGCYGDGYAVGCVDA,QGVLTQPSSVSGSLGQRVSITCSGSRNNIARYGVGWYQQVPGSGLRTIIYYRGNRPSGVPDRFSGSTSDNTATLTISSLQAEDEADYFCATGDYSSRTVVFGSGTTLTVLG,ATGDYSSRTVV
SDKAVGWVRQAPGKALEWLGAVDTGGSTGYNPGLKSRLSITKDNSKSQVSLSVSSVKTEDSATYYCTTVHQCGGDWRGYSCDSYYNPHHLYHVDAWGQGLLVTVSS,TTVHQCGGDWRGYSCDSYYNPHHLYHVDA,QAVLTQPSSVSGSLGQRVSITCSTSTNNIGRYGVGWYQQVPGSGLRTIIYHSSSRPSGVPDRFSGSKSDNTATLTISSLQAEDEADYFCATGDYSSRTVVFGSGTTLTVLG,ATGDYSSRTVV
QVQLRESGPSLVKPSQTLSLTCTTSGFSLSSYAVGWVRQAPGKALEWVGGIDDDGDTCYNPALKSRLSITKDNSKSQVSLSVSSVTTEDTATYYCAKSVYGDVCIGCFGSCYVVDAWGQGLLVTVSS,AKSVYGDVCIGCFGSCYVVDA,QDVLTQPASVPGSLGQRVSITCSGSSSNIGRYAVGWYQQVPGSGLRTIIYGSTSRPSGVPDRFSGSKSGNTATLTISSLQAEDEADYFCATGDYSSGTAFVFGSGTTLTVLG,ATGDYSSGTAFV
SDKAVGWVRQAPGKALEWLGSIDTGGSTGYNPGLKSRLGITKDDSKSQVSLSVSSVTTEDSATYYCTTVYQKTKAKGTCSGGRRIDLPCSGDGDCWPDRCRRTDSYEWYVNAWGQGLLVTVSS,TTVYQKTKAKGTCSGGRRIDLPCSGDGDCWPDRCRRTDSYEWYVNA,QDVLTQPSSVSGSLGQRVSITCSGSSSNIGSYNVGWYQQVPGSGLRTIIYGSSSRPSGVPDRFSGSKSGNTATLTISSLQAEDEADYFCVTYDSSSSIAVFGSGTTLTVLG,VTYDSSSSIAV
QVQLRESGPSLVMPSQTLSLTCTVSGLSLNSYTVGWVRQAPGKAVEWVGGIDTKGATWYNPALKSRLSITKDNSKSQVSLSVSSVTPEDTATYYCWAGLADAWGQGLLVTVSS,WAGLADA,QAVLTQPSSVSGSLGQRVSITCSGSSSNVGYGNYVSWFQQIPGSAPRMLIYSATSRASGVPDRFSGSRSGNTATLTISSLQAEDEADYFCASPDISSNAVFGSGTTLTVLG,ASPDISSNAV
QVQLRESGPSLVKPSQTLSLTCTTSGFSLSDYAVGWVRQAPGKALEWIGIIGRSGITCLNPTLKSRLGITKDNSKSQVSLSVSSVKTEDTATYYCVKWGSDYVSSDLACDAYLRIRIYINIDTWGQGLLVTVSS,VKWGSDYVSSDLACDAYLRIRIYINIDT,QDVLTQPSSVSGSLGQRVSITCSGSTNNIARYGVGWYQRVPGSGLRTIIYPRGRRPSGVPDRFSGSNSYNTATLTISSLQAEDEADYFCATGDYSSSTVVFGSGTTLTVLG,ATGDYSSSTVV
,,QDLLTQPSSVSGSLGQRVSITCSGSSSNIGSYNVGWYQQVPGSGLRTIIYRSTSRPSGVPDRFSGSKSGNTATLTISSLQTEDEADYFCVAYDISSSTVFGSGTTLTVLG,VAYDISSSTV
,,QAGLTQPSSVSGSLGQRVSITCSGSSNNVGSYNVGWYQLVPGSGLTTIIYGSITRPSGVPDRFSGSKSGNTATLTISSLQAEDEADYFCIAYDTGSSAAVFGSGTTLTVLG,IAYDTGSSAAV
,,QAVLTQPSSVSGSLGQRVSITCSGSSSNIGRYGVSWYQQVPGSGLRTIIYGTSSRPSGVPDQFSGSKSGNTATLTISSLQAEDEADYFCAAGDSSSSTGVFGSGTTLTVLG,AAGDSSSSTGV
,,QAMLTQPSSVSGSLGQRVSITCSGRTNNIARYGVGWYQQIPGSGLRTIIYGRGSRPSGVPDRFSGSNSDNTATLTISSLQAEDEADYFCATGDYNSKTVIFGSGTTLTVLG,ATGDYNSKTVI
,,QAVLTQPSSVSGSLGQRVSITCSGSSSNIGNYNVGWYQQVPGSGLRTIIYGSSSRPSGVPDRFSGSKSGNTATLTISSLQAEDEADYFCVAYDSSSSTTVFGSGTTLTVLG,VAYDSSSSTTV
,,QAGLTQPSSVSGSLGQRVSITCSGSSNNIGSASVGWYQQVPGSGLRTIIYSSSSRPSGVPDRFSGSKSGNTATLTISSLQAEDEASYFCAAGDRSSSAVFGSGTTLTVLG,AAGDRSSSAV
,,QALLTQPSSVSGSLGQRVSITCSGSSNNIGFYGVGWFQQVPGSGLRTIIYDSSTRPSGVPDRFSGSKSGNTATLTISSLQAEDEADYFCAVSDIKSSIGVFGSGTTLTVLG,AVSDIKSSIGV
,,QALLTQPSSVSGSLGQRVSITCSGSTNNIARYGVGWYQQVPGSGLRTIIYHRGSRPSGVPDRFSGSNSDNTATLTISSLQAEDEADYICATGDYSSRTVVFGSGTTLTVLG,ATGDYSSRTVV
,,SSQLTQPPAVSVSLGQTASITCQGDDLELLSAHWYQQKPGQAPVLVIYADDNLGSGIPDRFSGSKSDTTATLTIRGAQAEDEADYYCQSTDISDVFFFVFGSGTTLTVLG,QSTDISDVFFFV
,,QAVLTQPSSVSGSLGQKVSITCSGSSSNVGYTNYVSWHQQKPGSAPRTLIYGATSRASGVPDQFSGSKSGNTATLTISSLQPEDEADYYCSSYDSSSNILFGGGTRVTVLG,SSYDSSSNIL
,,QAVLTHPSSVSGSLGQRVSITCSGSSNNIGRYSVGWYQQVPGSGLRTTIYGSSSRPSGVPDRFSGSKSGNTATLTISSLQAEDEADYFCVTGDYNSGIAVFGSGTTLTVLG,VTGDYNSGIAV
,,DVVLTQTPLSLSIIPGETVSISCKSTQSLQYSDGKTYLYWLQHKPGQSPQLLIYHGSSRYTGVPDRFTGSGSETDFTLTINSVQAEDVGVYYCFQSTHNPNSFGQGTKVEIKR,FQSTHNPNS
,,QAVLTQPSSVSGSLGQRVSITCSGSSSNVGLGNYVSWFQQIPGSAPRTLIYGTTTRASGVPDRFSGSRSGNTATLTISSLQAEDEADYFCASPDSSSSGYDVFGTGTTLTVLG,ASPDSSSSGYDV
,,QDVLTQPSSVSGSLGQRVSITCSGSSSNVGYGNYVSWFQQIPGSAPRMLIYDATSRASGVPDRFSGSKSGNTATLTISSLQAEDEADYFCASADSSSSAVFGSGTTLTVLG,ASADSSSSAV
,,QAGLTQPSSVSGSLGQRVSITCSGSSNNIGSVGVGWYQQVPGSGLRTIIYDSSSRPSGVPDRFSGSKSGNTATLTISSLQAEDEADYFCAAGDSSSSTPFFGGGTTVTVLG,AAGDSSSSTPF
,,QDVLTQPSSVSGSLGQTVSITCSGSSNNIGSYAVAWYQQVPGSGLRTIIYGSSGRPSGVPDRFSGSKSGNTATLTISSLQPEDEADYFCATGDYSSRTVVFGSGTTLTVLG,ATGDYSSRTVV
,,QAVLTQPSSVSGSLGQRVSITCSGSSNNIGGHGVGWYQQVPGSGLRTIIFGSRSRPSGVPDRFSGSKSGDTATLTISSLQAEDEADYICAAGDYSSDRVVFGSGTTLTVLG,AAGDYSSDRVV
,,SSQLTQPSSVSGSLGQRVSITCSGSSSNIGSYNVGWYQQVPGSGLRTIIYGSSSRPSGVPDRFSGSKSGNTATLTISSLQAEDEADYFCVTYDSSSNTAVFGSGTTLTVLG,VTYDSSSNTAV
,,SSQLTQPSSVSGSLGQRVSITCSGSSSNVGLGNYVSWFQQIPGSAPRTLIYSATNRASGVPDRFSGSRSGNTATLTISSLQAEDEADYFCASPDSSSSSAVFGSGTTLTVLG,ASPDSSSSSAV
,,QAVLTQPSSVSGSLGQRVSITCSGSSSNVGTGNYVSWFQQIPGSAPRTLIYGATSRASGVPDRFSGSRSGNTATLTISSLQAEDEADYFCASYQSGNTAVFGSGTTLTVLG,ASYQSGNTAV
,,QAVLTQPSSVSGSLGQTVSITCSGSSNNIGVYAVAWYQQVPGSGLRTIIYGSSGRPSGVPDRFSGSKSGNTATLTIGSLQAEDEAHYFCAAGDGSSSTVFGSGTTLTVLG,AAGDGSSSTV
,,QAILTQPSSVSGSLGQRVSITCSGSSSNIGYYEVGWYQQVPGSGLRTIIYDSRTRPSGVPDRISGSKSGNTATLIISSLQAEDEADYFCVTYDSGDSIVVFGSGTTLTVLG,VTYDSGDSIVV
,,QGVLTQPSSVSGSLGQKVSITCSGSSSNVGYGNYVSWHQQKPGSAPRTLIYYATSRPSGVPDQFSGSKSGNTATLTISSLQPEDEADYYCSSYDSSSKITVFGGGTTLTVLG,SSYDSSSKITV
,,QAVLTQPSSVSGSLGQRVSITCSGSSNNLGGGNVGWYQQVPGSGLRTIIYLSSNRPSGVPDRFSGSNSGNTATLTISSLQAEDEADYFCVTYDSSSIIAIFGSGTTLAVLG,VTYDSSSIIAI
,,QAGLTQPSSVSGSLGQRVSITCSGSSNNIGYFGVDWYQQVPGSGLRTIIYDSSSRPSGVPDRFSGSKSGNTATLTISSLQAEDEADYFCETGDYSRSTVVFGSGTTLTVLG,ETGDYSRSTVV
,,QAVLTQPSSVSGSLGQRVSITCSGSSSNVGIGNWVGWYQQIPGSAPRILIYYVTTRASGVPDRFSGSKSGSTATLTTNSLQAEDEADYFCASYQSGNTVVFGSGTTLTVLG,ASYQSGNTVV
,,QDVLTQPSSVSGSLGQRVSITCSGSSSNIGSTNVGWYQQVPGSGLRTIIYDSSSRPSGVPDRFSGSKSGNTATLTISSLQAEDEADYFCVAYDSISSTAVFGSGTTLTVLG,VAYDSISSTAV
,,QAMLTQPSSVSGSLGQRVSITCSGSSNNVGSRGVAWYQQVPGSGLRTIIYGSVSRPSGVPDRFSGSKSGNTATLTISSLQAEDEADYFCAAGDSSSTTAVFGSGTTLTVLG,AAGDSSSTTAV
,,QAVLTQPSSVSGSLGQRVSITCSGSRNNIASYGVGWYQQVPGSGLRTIIYYRGSRPSGVPDRFSGSTSDNTATLTISSVQAEDEADYFCATGDYSSRTVVFGSGTTLTVLG,ATGDYSSRTVV
,,QDLLTQPSSVSGSLGQRVSITCSGSSNNIGRYKVAWYQQVPGSGLRTIIYNSISRPSGVPDRFSGSDSGNTATLTISSLQAEDEAHYFCATGDYSSKTALFGSGTTLTVLG,ATGDYSSKTAL
,,QGVLTQPSSVSGSLGQRVSITCSGSSNNIGRYGVGWYQQVPGSGLRTIIYGSSSRPSGVPDRFSGSKSGNTATLTISSLQAEDEADYFCASADYSSKTALFGSGTTLTVLG,ASADYSSKTAL
,,QPVLTQPSSVSGSLGQRVSITCSGSSKNIGSYNVGWYQQVPGSGLRTIIYSSTSRPSGVPDRFSGSKSGNTATLTISSLQAEDEADYFCVAYDSSSSTVFGSGTTLTVLS,VAYDSSSSTV
,,QAGLTQPSSVSGSLGQRVSITCSGSSNNIGSVGVGWYQQVPGSGLRTIIYGSSSRPSGVPDRFSGSKSGNTATLTISSLQTEDEADYFCAAADTSSITALFGSGTTLTVLG,AAADTSSITAL
,,QDMLTQPSSVSGSLGQRVSITCSGSSSNIGRYGVGWYQQVPGSGLRTIIYGSSSRPSGVPDRFSGSKSDNTATLTISSLQAEDEADYFCAAGDSSSSTAVFGSGTTLTVLG,AAGDSSSSTAV
,,QDILTQPSSVSGSLGQRVSITCSGSSSNIGSYNVGWYQQVPGSGLRTIIYGSSSRPSGVPDRFSGSKSGNTATLTISSLQAEDEADYFCVSYDSNSKIAVFGSGTTLTVLG,VSYDSNSKIAV
,,QAVLTQPSSVSGSLGQRVSITCSGSSSNIGSYNVGWYQQVPGSGLKTIIYGTNGRPSGVPDRFSGSKSGNTATLTISSLQAEDEADYFCVAFDSSTSTVFGSRTTLTVLG,VAFDSSTSTV
,,QDMLTQPSSVSGSLGQRVSITCSGSSNNIGRYGVGWYQQVPGSGLRTIIYDSSSRPSGVPDRFSGSKSGNTATLTISSLQAEDEADYFCATGDYSSSTAVFGSGTTLTVLG,ATGDYSSSTAV
,,QAVLTQPSSVSGSMGQRVSITCSGSSSNVGNGHVRWYQLIPGSAPRTLIYGDTSRASGVPDRFSGSRSGNTATLIISSLQAEDEADYFCASAEDSSNNAVFGSGTTLTVLG,ASAEDSSNNAV
,,QTGLTQPSSVSGSLGQRVSITCSGSSNNIGRYGVGWYQQVPGSAPRTLIYGATSRASGVPDRFSGSRSGNTATLTISSLQAEDEANYFCASPDSGISSFVFGSGTTLTVLG,ASPDSGISSFV
,,QAMLTQPSSVSGSLGQRVSITCSGSSNNIGSASVGWYQQVPGSGLKTIIYSSSSRPSGVPDRFSGSKSGNTATLTISSLQAEDEASYFCAAGDRSSSAVFGSGTTLTVLG,AAGDRSSSAV
,,QAVLTQPSSVSGSLGQRVSITCSGSSSNVGYGNYVSWFQQIPGSAPRTLIYGATSRASGVPDRFSGSRSGNTATLTISSLQAEDEADYFCLSPDSSSSSTVSGSGTTLTVLG,LSPDSSSSSTV
,,QDVLTQPSSVSGSLGQRVSITCSGSSSNIGRYGVGWYQQVPGSGLRTIIYGSSSRPSGVPDRFSGSKSGNTATLTISSLQAEDEADYFCAAGDSSSSTAVFGSGTTLTVLG,AAGDSSSSTAV
,,QAGLTQPSSVSGSLGQRVSITCSGSANNIARYGVHWYQQVPGSGLRTIIYSRGSRPSGVPDRFSGSQSYNTATLTISSLRAEDEADYVCATGDYSSSTLVFGSGTTLTVLG,ATGDYSSSTLV
,,QAVLTQPSSVSGSLGQRVSITCSGSSSNIGSTNVGWYQQVPGSGLRTIIYDSSSRPSGVPDRFSGSKSGNTATLTISSLQAEDEADYFCVAYDSISSTAVFGSGTTLTVLG,VAYDSISSTAV
,,QDLLTQPSSVSGSLGQRVSITCSGSSNNIGSASVGWYQQVPGSGLKTIIYGSSSRPSGVPDRFSGSKSGNTATLTISSLQAEDEADYFCAAGDRSSSAVFGSGTTLTVLG,AAGDRSSSAV
,,QDVLTQPSSVSGSLGQRVSITCSGSSNNIGRYGVGWYQQVPGSGLRTIIYGSSSRPSGVPDRFSGSKSGNTATLTISSLQAEDEADYFCATGDASSSIVVFGSGTTLTVPG,ATGDASSSIVV
,,QAVLTQPSSVSGSLGQRVSITCSGSSSNIGSYNVGWYQQVPGSGLRTIIYRSTSRPSGVPDRFSGSKSGNTATLTISSLQTEDEADYFCVAYDISSSTVFGSGTTLTVLG,VAYDISSSTV
,,QAMLTQPSSVSGSLGQTISITCSGSSNNIGTYAVAWYQQVPGSGLRTIIYGSSGRPSGLPDRFSGSKSGNTATLTIGSLQAEDEADYFCAAGDSKSITVFGSGTTLTVLG,AAGDSKSITV
,,QAVLAQPSSVSGSLGQRVSITCSGSSSNIGCCNVGWYQQVPGSGLRTIIYINSNRPSGVPDRFSGSKSGNTATLTISSLQAEDEADYFCVTWDGSSNIDVFGSGTTLTVLG,VTWDGSSNIDV
,,QAVLAQPSSVSGSLGQRVSITCSGSSSNVGIGNYVSWFQQIPGSAPRTLIYGATSRASGVPDRFSGSRSDNTAILTITSLQAEDEADYFCASYQSGDIVVFGRGTTLTFLG,ASYQSGDIVV
,,QGVLTQPSSVSGSLGQRVSITCSGSSNNIGSYGVGWYQQVPGSGLRSIIYDSNSRPSGVPDRFSGSKSGNTATLTISSLQAEDEADYFCATGDSSRSIVFGSGTTLTVLG,ATGDSSRSIV
,,QDVLTQPSSVSGSLGQRVSITCSGSSSNVGYGNYVSWFQQIPGSAPRTLIYGATSRASGVPDRFSGSRSGNTATLTISSLQAEDEADYFCTTYDSSSSNDLFGGGTRVTVLG,TTYDSSSSNDL
,,QAMLTQPSSVSGSLGQRVSITCSGSSSNVGTGNYVSWFQQIPGSAPRTLIYGATSRASGVPDRFSGSRSGNTATLTISSLQAEDEADYFCASYQSGNTAVFGSGTTLTVLG,ASYQSGNTAV
,,QAALTQPSSVSGSLGQRVSITCSGSSSNIGSKNVGWYQQVPGSGLRTIIYDTMNRPSGVPDRFSGSKSDNTATLTISSLQAEDEADYFCICYDSSVRIAVFGGGTTLTVLG,ICYDSSVRIAV
,,QAVLTQPSSVSGSLGQRVSITCSGSSSNVGNGNYLGWFRQIPGSAPRSLIYDVTTRVSGVPDRFSGSRSGNTATLTISSLQAEDEADYFCASWQSDNTAVFGSGTTLTVLG,ASWQSDNTAV
,,QAVLTQPTSVSGSLGQRVSITCSGSRSNVGLGNYVSWLKQIPGSAPRTLIYGATSRASGVPDRFSGSRSGNTATLTISSLQAEDEADYFCASPDNSGSSWLAVFGSGTTLTVLG,ASPDNSGSSWLAV
,,QGVLTQPSSVSGSLGQRVSITCSGSSSNVGTGNYVSWFQQIPGSAPRTLIYGATSRASGVPDRFSGSRSGNTATLTISSLQAEDEADYFCASYQSGNTATAVFGSGTTLTVLG,ASYQSGNTATAV
,,QAVLTQPSSVSGSLGQRVSITCSGSSNNIGSYGVGWYQQVPGSGLRTIIYDSRSRASGVPDRFSGSKSGNTATLTISSLQAEDEADYFCASGDYSSGSVVFGSGTTLTVLG,ASGDYSSGSVV
,,QAALTQPSSVSGSLGQRVSITCSGSSSNVGTGNYVSWFQQIPGSAPRTLIYGATSRASGVPDRFSGSRSGNTATLTISSLQAEDEADYFCASYQSGDTALFGSGTTLTVLG,ASYQSGDTAL
,,QGVLTQPSSVSGSLGQRVSITCSGSSSNIGSYNVGWYQQVPGSGLRTIIYGSSSRPSGVPDRFSGSKSGNTATLTISSLQAEDEADYFCVAWDSSSSMDVFGSGTTLTVLG,VAWDSSSSMDV
,,QAVLTQPSSVSGSLGQRVSITCSGSTNNIGRYGVGWYQQVPGSGLRTIIYGKSSRPSGVPDRFSGSKSGNTATLTISSLQAEDEADYFCATGDSGSSTAVFGSGTTLTVLG,ATGDSGSSTAV
,,QAGLTQPSSVSGSLGQRVSITCSGSSSNVGYGNYVSWFQQIPGSAPRMLIYGATSRASGVPDRFSGSRSGNTATLTISSLQAEDEADYFCAAGDSSSSTAVFGSGTTLTVLG,AAGDSSSSTAV
,,SSQLTQPSSVSGSLGQRVSITCSGSTNNIARYGVGWYQQVPGSGLRTIIYHRGSRPSGVPDRFSGSNSYNTATLTISSLQAEDEAEYFCATGDYSSRTVVFGSGTTLTVLG,ATGDYSSRTVV
,,QAVLTQPSSVSGSLGQRVSITCSGSSSNIGNYNVGWYQQVPGSGLRTIIYGTSSRPSGVPDRFSGSKSGNTATLTISSLQAEDEADYFCVTFDRISGGVSGSGTTLTVLG,VTFDRISGGV
,,QAGLTQPSSVSGSLGQRVSITCSGSTNNIARYGMNWYQQVPGSGLRTIIYGRGSRPSGVPDRFSGSQSDNAGTLTISSLQAEDEADYVCATGDYISRTVVFGSGTTLTVLG,ATGDYISRTVV
,,QAGLTQPSSVSGSLGQRVSITCSGSSRNIRRDGVGWYQQGPGSGLRTIIYGSSRRPSGVPDRFSGSRSGNTATLTISSLQAEDEADYFCATGDYSSSTTVFGSGTTLTVLG,ATGDYSSSTTV
,,QALLTQPSSVSGSLGQRVSITCSGSSSNVGVGNYVSWFQQIPGSAPRTLIYGATSRASGVPDRFSGSRSGNTATLSISSLQAEDEADYFCASPDSSSSGGVFGSGTTLTVLG,ASPDSSSSGGV
,,QGVLTQPSSVSGSLGQRVSITCSGSSNNIGSYGVGWYQQVPGSGLRTIIYGSNSRPSGVPDRFSGSKSGNTATLTISSLQAEDEADYFCAAGDSSTSTPVFGSGTTLTILG,AAGDSSTSTPV
,,QAMLTQPSSVSGSLGQRVSITCSGSSSNVGNGYVSWYQLIPGSAPRTLIYGDTSRASGVPDRFSGSRSGNTATLTISSLQAEDEADYFCASAEDSSSNAVFGSGTTLTVLG,ASAEDSSSNAV
,,QAVLTQPSSVSGSLGQRVSITCSGSSSNVGLGDYVSWFQQIPGSAPRTLIYGATSRASGVPDRFSGSRSGNTATLTISSLQAEDEADYFCASPHRDSSNYYTIFGSGTTLTVLG,ASPHRDSSNYYTI
,,QAVLTQPSSVSGSLGQRVSITCSGSSSNVGLGNYVSWFQQIPGSAPRTLIYGATSRASGVPDRFSGSRSGNTATLTISSLQAEDEADYFCLSPDSSSSSYVFGSGTTLTVLG,LSPDSSSSSYV
,,QGVLTQPSSVSGSLGQRVSITCSGSSSNVGNGYVSWYQLIPGSAPRTLIYGDTSRASGVPDRFSGSRSGNTATLTISSLQAEDEADYFCASAEDSSSNAVFGSGTTLTVLG,ASAEDSSSNAV
,,DVVLTQTPLSLSVIPGETVSISCKSTQSLKYSDGKTYLRWLQHKPGQSPQSLIYQVSNRNTGVPDRFAGSGSETDFTLTINNVQAGDAGVYYCHQGLYIPNTFGQGTKVEIKR,HQGLYIPNT
,,SYELTQPSSVSGSLGQRVSITCSGSSNNIGSRGVGWYQQVPGSGLRTIIYDSSTRPSGVPDRFSGSKSGNTATLTISSLQAEDEADYFCAAGDSGSVAVFGSGTTLTVLG,AAGDSGSVAV
,,SSQLTQPSSVSGSLGQRVSITCSGSSSNIGNYNVGWYQQVPGSGLRTIIYASANRPSGVPDRFSGSKFGNTATLTISSLQAEDEADYFCVSFDGSFSGAVFGSGTTLTVLG,VSFDGSFSGAV
,,QALLTQPSSVSGSLGQRVSITCSGSSSNVPIYGAGWYQQVPGSGLRTIIYGSSSRPSGVPDRFSGVKSGNTATLTISSLQAEDEADYFCAAGDKSSGTVFGSGTTLTVLG,AAGDKSSGTV
,,QAVLTQPSSVSGSLGQRVSITCSGSSNNIGRYGVDWYQQVPGSGLRTIIYGSSTRPSGVPDRFSGSKSGNTATLTISSLQAEDEADYFCGTGDYSSSTAVFGSGTTLTVLG,GTGDYSSSTAV
,,QAVLTQPSSVSGSLGQRVSITCSGSSDNIGRYAVGWYQQIPESGLKTIIYGTSGRPSGVPDRFSGSKSGNTATLTISSLQAEDEADYFCVALDSSGITVVFGSGTTLTVLG,VALDSSGITVV
,,QAVLTQPSSVSGSLGQRVSITCSGSSNNIGYYGVDWYQQVPGSGLRTIIYGTSSRPSGVPDRFSGSKSGNTATLTISSLQAEDGADYFCGTGDSSSSAVFGSGTTLTVLG,GTGDSSSSAV
,,QAGLTQPSSVSGSLGQRVSITCSGSTNNIGRYGVGWYQQVPGSGLRTIIYNRGSRPSGVPDRFSGSNSYNTATLTISSLQAGDEAEYFCATGDYRGKTVVFGSGTTLTVLG,ATGDYRGKTVV
,,QDLLTQPSSVSGSLGQRVSITCSGSSSNVGTGNYVSWFQQIPGSAPRTLIYGATSRASGVPDRFSGSRSGNTATLTISSLQAEDEADYFCASYQSGNTAVFGSGTTLTVLG,ASYQSGNTAV
,,QAVLTQPSSVSGSLGQRVSITCSGSSSNIGYYNVGWYQQVPGSGLRTIIYGSSRRPSGVPDRFSGSKSGNTATLTISSLQAEDEADYFCGTYDSSRSIVFGSGTTLTVLG,GTYDSSRSIV
,,SSQLTQPSSVSGSLGQRVSITCSGSSSNIGKFNPYWYQQVPGSGLRTIIYGSNSRPSGVPDRFSGSKSGNTATLTITSLQAEDEADYFCVTFDSNSAIAIFGSGTTLTVLG,VTFDSNSAIAI
,,QAVLTQPSSVSGSLGQRVSITCSGSSSNIGNYNVGWYQQVPGSGLRTIIYGRNSRPSGVPDRFSGSKSGNTATLTISSLQAEDEADYFCVTYDSSSSNTFFGSGTTLTVLG,VTYDSSSSNTF
,,QDMLTQPSSVSGSLGQRVSITCSGSSSNIGLGNYVSWFQQIPGSAPRTLIYGATSRASGVPDRFSGSRSGNTATLTISSLQAEDEADYFCKSYDSSSSGSVFGSGTTLTVLG,KSYDSSSSGSV
,,QAVLTQPSSVSGSLGQRVSITCSGSSSNVGLGNYVSWFQQIPGSAPRTLIYGATSRPSGVPDRFSGSRSGNTATLTISSLQAEDEADYFCASPDSSSSSYVFGSGTTLTVLG,ASPDSSSSSYV
,,QDVLTQPSSVSGSLGQRVSITCSGSSSNVGLGNYVSWFQQIPGSAPRLFIYGATSRASGVPDRFSGSRSGNTATLTISSLQAEDEADYFCASPDNSGSGYVFGSGTTLTVLG,ASPDNSGSGYV
,,QAVLTQPSSVSGSLGQRVSITCSGSTNNIVRYGVGWYQQVPGSGLRTIIYGRGSRPSGVPDRFSGSNSDNTATLTISPLQAEDEADYFCASGDYSSKTIVFGSGTTLTVLG,ASGDYSSKTIV
,,QDVLTQPSSVSGSLGQRVSITCSGSSSNIGSYNVGWYQQVPGSGLRTIIYGSSSRPSGVPDRFSGSKSGNTATLTISSLQPEDEANYFCVTYDSSSSSALFGSGTTLTVLG,VTYDSSSSSAL
,,QAVLTQPSSVSGSLGQRVSITCSGSSSNVGNGYVSWYQLIPGSAPRTLIYGDTSRASGVPDRFSGSRSGNTATLTISSLQAEDEADYFCASAEDSSSNAVFGSGTTLSVLG,ASAEDSSSNAV
,,QAVLTQPSSVSGSLGQRVSITCSGSSNNIGSVGVGWYQQVPGSGLRTIIYDSSSRPSGVPDRFSGSKSGNTATLTISSLQAEDEADYFCAAGDSSSSTPFFGGGTTVTVLG,AAGDSSSSTPF
,,QGVLTQPSSVSGSLGQRVSITCSGSSSNVGYDNYVSWFQQIPGSAPRMLIYDATSRASGVPDRFSGSRSGNTATLTISSLQAEDEADYFCVSPDISRSVLFGSGTTLTVLG,VSPDISRSVL
,,QDVLTQPSSVSGSLGQRVSITCSGSSSNVGTGVYVTWFQQNPGSAPRTLIYGATSRAAGVPDRFSGSRSGNTATLTISSLQAEDEADYFCASHQSGTTAVFGSGTTLTVLG,ASHQSGTTAV
,,QDMLTQPHSVSGSLGQRVSITCSESTNNIARYGVGWYQQVPGSGLRTIIYPRGRRPSGVPDRFSGSNSYNTATLTISSLQAEDEADYFCATGDYSSSTVVFGRGTTLTVLG,ATGDYSSSTVV
,,QTGLTQPSSVSGSLGQRVSITCSGSSNNIGSYGVGWYQQVPGSGLRTIIYGIDDRPSGVPDRFSGSNSGNTATLTISSLQAEDEADYFCATGDYSSSTAVFGSGTTLTVLG,ATGDYSSSTAV
,,QGVLTQPSSVSGSLGQSVSITCSGSSSNVGNGYVSWYQMTPGSAPRTLIYGDTSRASGVPDRFSGSRSGNTATLTISSLQAEDEADYFCASAEDSSSNAVFGSGTTLTVLG,ASAEDSSSNAV
,,QAVLTQPSSVSGSLGQRVSITCSGSSNNIGRNGVGWYQQVPGSGLRTIIYGSSSRPSGVPDRFSGSKSGNTATLTISSLQAEDEADYFCTTPDYSSSTVFFGSGTTLIVLG,TTPDYSSSTVF
,,DVVLTQTPLSLSIIPGETVSISCTSTQSLKHSDGKTYFYWLQHKPGQSPHPLIYSGSSRYTGVPDRFTGSGSETDFTLTINNVQAEDVGVYYCFQATHDPNTFGQGTKVEIKR,FQATHDPNT
,,QAGLTQPSSVSGSLGQRVSITCSGSTKNIGRYGVGWYQQVPGSGLRTIIYGSRSRPSGVPARFSGSKSDNTATLTISSLQAEDEAIYFCATGDYSSRSVVSGSGTTLTVLG,ATGDYSSRSVV
,,QAGLTQPSSVSGSLGQRVSITCSGSSSNVGLGNYINWFQQIPGSAPRTLIYGATSRASGVPDRFSGSRSGNTATLTISSLRAEDEADYFCASPDSSSSNLFGSGTTLTVLG,ASPDSSSSNL
